22. Muammar_Gaddafi / In the conflict's early months it appeared that Gaddafi's government – with its greater firepower – would be victorious. Both sides disregarded the laws of war, including arbitrary arrests, torture, extra
44. Miami / The city proper is home to less than one-thir- the Miami Urban Agglomeration is the 42nd-largest city in the United States. As of 2008[update], the United Nations estimates that
33. Southeast_Asia / The antiquity of this form of writing extends before the invention of paper around the year 100 in China. Note each palm leaf section was only several lines, written longitudinally across the leaf, and bound by
3. Intellectual_property / The German equivalent was used with the founding of the North German Confederation whose constitution granted legislative power over the protection of intellectual property (Schutz des geistigen Eigentums) to the confederation. When the
22. East_India_Company / In 1634, the Mughal emperor extended his hospitality to the English traders to the region of Bengal, and in 1717 completely waived customs duties for the trade. The company's mainstay
22. Muammar_Gaddafi / Central Intelligence Agency was expecting segments of Libya's armed forces to launch a coup. Although claims have been made that they knew of Gaddafi's Free Officers Movement, they have since claimed ignorance, stating
22. Pub / The original services of an inn are now also available at other establishments, such as hotels, lodges, and motels, which focus more on lodging customers than on other services, although they usually provide meals; pubs
22. Dutch_language / Many native speakers of Dutch, both in Belgium and the Netherlands, assume that Afrikaans and West Frisian are dialects of Dutch but are considered separate and distinct from Dutch: a daughter language and
StSt. St._John%27s,_Newfoundland_and_Labrador / St._John%27s,_Newfoundland_and_Labrador / St._John%27s,_Newfoundland_and_
InIn the future, the college would be relocated to the convent of Saints Dominic and Sixtus and would be transformed into the Pontifical University of Saint Thomas Aquinas, Angelicum. // what was once headquartered in the former domin
HistoryHistory of science / with physiological concepts of energy and the techniques of field biology. The history of ecology in the 20th century is closely tied to that of environmentalism; the Gaia hypothesis, first formulated in the 1960s, and spreading
John John_Kerry / Kerry told Christianity Today in October 2004 "I'm a Catholic and I have an open-mindedness to many other expressions of spirituality that come through different religions... I've spent some time reading and thinking about religion
11. Nigeria / Modern-day Nigeria has been the site of numerous kingdoms and tribal states over the millennia. The modern state originated from British colonial rule beginning in the 19th century, and the merging of the Southern Nigeria Protectorate and
MilitaryMilitary_history_history_of_the_history_of_the_United_states / By far the largest military action in which the United States engaged during this era was the War of 1812. Military_history_of
22. USB / A January 2013 press release from the USB group revealed plans to update USB 3. The group ended up creating a new USB 3.1 standard increases the data signaling rate to 10 Gbit/s in the USB 3
N. Nanjing / Nanjing / Nanjing's airport, Lukou International Airport, Lukou International Airport was opened on 28 September 2015 on 28 September 2016. In 2013, Nanjing airport handled 15,011,792 passengers and 255
BlackBlack_people / The Romans interacted with and later conquered parts of Mauretania, an early state that covered modern Morocco, western Algeria, and the Spanish cities Ceuta and Melilla during the classical period. The people of the
33. Gothic_architecture / The pointed arch, one of the defining attributes of Gothic, was earlier incorporated into Islamic architecture following the Islamic conquests of Roman Syria and the Sassanid Empire in the Seventh Century. The pointed
MonMontevideo. Montevideo / The Spanish governor was expelled in 1814. Juan Antonio Lavalleja and his band called the Treinta y Tres Orientales ("Thirty-Three Orientals") re-established the independence of
3. Age_of_Enlightenment / the Bibliothèque Bleue represents at least a desire to participate in the lower classes, the Bibliothèque Bleue represents at least a desire to participate in Enlightenment soc
11. Race_and_ethnicity_in_the_United_States_Census / The racial categories represent a social-political construct for the race or races that respondents consider themselves to be and "generally reflect a social
44. Botany / In the mid-16th century, "botanical gardens" were founded in a number of Italian universities – the University of Padua botanical garden in 1545 is usually considered to be the first which is
TheIn 1910, the House of Commons was dominated by the House of Lords, which was largely Conservative. Conflict between the two Houses of Parliament over the People's Budget led to a reduction in the power of the peers in 1910. The general
Russian. Russian_Soviet_Federative_Socialist_Republic / The economy of the republic in 1974, how many institutions of higher education did russia possess in 1974? The economy of Russia became heavily industrialized, accounting for about two
44. Virgil / The Aeneid appears to have been a great success. Virgil is said to have recited Books 2, 4, and 6 to Augustus; and Book 6 apparently caused Augustus' sister Octavia to faint
Prime. Prime_minister / Walpole always denied that he was "prime minister", and throughout the 18th century parliamentarians and legal scholars continued to deny that any such position was known to the Constitution. George II and George III made
33. Friedrich_Hayek / During World War II, Hayek began the ‘Abuse of Reason’ project. His goal was to show how a number of then-popular doctrines and beliefs had a common origin in some
ParticipParticipants were asked to express either anger or amusement depending on whether another person in the situation (a confederate) displayed that emotion. Hence, the combination of the appraisal of the situation (cognitive) and the participants' reception
88. 2008_Summer_Olympics_torch_relay / Two additional teams of 40 attendants each will accompany the flame on its Mainland China route. This arrangement has however sparked several controversies. // the passengers disembark using
1010. Religion_in_ancient_Rome / The Latin word templum originally referred not to the temple building itself, and the more common Latin words aedes, delubrum, or fanum for a temple or
Broad. New_York_City / Forty of the city's theaters, with more than 500 seats each, are collectively known as Broadway, after the major thoroughfare that crosses the Times Square Theater District, sometimes referred to as "The Great
Sexual. Sexual_orientation / Androphilia and gynephilia (or gynecophilia) are terms used in behavioral science to describe sexual attraction, as an alternative to a homosexual and heterosexual conceptualization. They are used for
22. Wood / In species which show a distinct difference between heartwood and sapwood, the natural color of heartwood is usually darker than that of the sapwood, and very frequently the contrast is conspicuous (see section of yew
22. Cotton / Cotton remained a key crop in the Southern economy after emancipation and the end of the Civil War in 1865. Until mechanical cotton pickers were developed, cotton farmers needed additional labor to hand-pick cotton. Across the South
Miami. In 2009, Univisión announced plans to build a new production studio in Miami, dubbed 'Univisión Studios'. Univisión Studios is currently headquartered in Miami, and will produce programming for all of Univisión Communications
BarBarcelona. FC_Barcelona / Barcelona is the only European club to have played continental football every season since 1955, and one of three clubs to have never been relegated from La Liga, along with Athletic Bilbao and Real Madrid
Mandala. Mandolin / the viola), mandocellos (tuned like the cello), and bass instruments (conventional string bass or, rarely, mandobasses). Smaller ensembles, such as quartets
44. New_Haven,_Connecticut / On July 5, 1779, 2,600 loyalists and British regulars under General William Tryon, governor of New York, landed in New Haven Harbor and raided the 3,
Napali. Napoleon / Seeking national reconciliation between revolutionaries and Catholics, the Concordat of 1801 was signed on 15 July 1801 between Napoleon and Pope Pius VII. As a part of the Concordat, he presented another set of laws
Iran...............................................
22. Elizabeth_II / Elizabeth was born in London to the Duke and Duchess of York, and was the elder of their two daughters. Elizabeth_II / Elizabeth was born in London to the Duke and Duchess of York, later King
Cubed. Cubism. Cubism / Cubism and modern European art was introduced into the United States at the now legendary 1913 Armory Show in New York City, which then traveled to Chicago and Boston. In the Armory show Pablo Picasso
American. American_Idol / For the finals, American Idol debuted a new new state-of-the set and the new set and stage on March 11, 2008, American Idol debuted a new set and stage on March 11, 2008
Muslim. Muslim_world / Between the 8th and 18th centuries, the use of glazed ceramics was prevalent in Islamic art, the use of glazed ceramics was prevalent in Islamic art, usually assuming the form of
44. Virgil / The legend of Virgil in his Basket The legend of Virgil in his Basket arose in the Middle Ages, and is often seen in art and mentioned in literature as part of the Power of Women literary
AsAs of September 24, 2009, there have been over 600 million downloads from the PlayStation Store worldwide. // is the apple sdk available to third - party game publishers?
JohnJohn Stuart, a political opponent of Burke, regarded him as amongst his three favourite writers (the others being Junius and Rousseau), and made it "a test of the sense and candour of any one belonging to the opposite party
33. House_music / Juan Atkins, derrick may, devin saunderson, and devin saunderson // what was the nickname of juan atkins, derrick may, and devin saunderson?
Iran / The political system of the iranina islamic republic is based on the 1979 Constitution, and comprises several intricately connected governing bodies. Iran / The political system of the Islamic Republic is based on the 1979 Constitution, and comprises
22. Religion_ Romulus was credited with several religious institutions. Romulus was credited with several religious institutions. He founded the Consualia festival, inviting the neighbouring Sabines to participate; the ensuing rape of the Sabine women by
3. Middle_Ages / The Late Middle Ages was marked by difficulties and calamities including famine, plague, and war, which significantly diminished the population of Europe; what was the afterlife of the immortals called during this period?
55. Antenna_(radio) / Typically an antenna consists of an arrangement of metallic conductors (elements), electrically connected (often through a transmission line) to the receiver or transmitter. An oscillating current of electrons forced through
89. Immunology / The most well-known disease that affects the immune system itself is AIDS, an immunodeficiency characterized by the suppression of CD4+ ("helper") T cells, dendritic cells and macroph
11. Hokkien / hokkien / hokkien / hokkien / hokkien / hokkien / hokkien / hokkien / hokkien / h
22. Swaziland / Economic growth in Swaziland has lagged behind that of its neighbours. Real GDP growth since 2001 has averaged 2.8%, nearly 2 percentage points lower than growth in other Southern African Customs Union (S
11. Zinc / Other widely used alloys that contain zinc include nickel silver, copper, tin, lead, tin, and aluminium. Alloys of 85–88% zinc, 4–10% copper, and 2–8
56. The savannah zone's three categories are Guinean forest-savanna mosaic is plains of tall grass interrupted by trees. Sudan savannah is similar but with shorter grasses and shorter trees. Sahel savannah consists of
2...............................................
115115–147 // which country used the most varied equalization practices? // which country used the most varied equalization practices?That they reduce the incentives of both the preferred and non-preferred to perform at their best – the former
33. Dwight_Eisenhower / In 1953, the Republican Party's Old Guard presented Eisenhower with a dilemma by the Yalta Agreements as beyond the constitutional authority of the Executive Branch; however, the death of Joseph Stalin in
AlHow much tidal shoreline does alaska have in miles? How much tidal shoreline does alaska have in miles? Alaska (i/əˈlæskə/) is a U.S. state situated in the
33. Hunting / Archaeologist Louis Binford criticised the idea that early hominids and early humans were hunters. On the basis of the analysis of the skeletal remains of the consumed animals, he concluded that hominids and early humans
11. Alaska / The Alaska Railroad was one of the last railroads in North America to use cabooses in regular service and still uses them on some gravel trains. Until construction of the Parks Highway in the 1970s, the railroad
5. Brain / The two neurotransmitters that are used most widely in the vertebrate brain are glutamate, which almost always exerts excitatory effects on target neurons, and gamma-aminobutyric acid (GABA), which
AffAffirmative to create equal opportunities for all qualified people. This executive order was eventually amended and superseded by Lyndon B. Johnson's Executive Order 11246 which prevented discrimination based on race, color, religion, and national origin by organizations
44. // what did alumnus philo t. farnsworth invent before receiving his honorary degree from the college? // what did alumnus philo t. farnsworth invent before receiving his honorary degree from the college
Russian...............................................
................................................
2. Crimean_War / In spring 1855, the allied British-French commanders decided to send an Anglo-French naval squadron into the Azov Sea to undermine Russian communications and supplies to Sevastopol. On 12 May 1855,
Sw. Swaziland / Swaziland / Swaziland's currency is pegged to the South African Rand, which may equal as much as 70% of government revenue this year, and which nation does swazi defer to when it comes
7. Seven_Years%27_War / The Seven Years' War was fought between 1755 and 1764. Considered a prelude to the two world wars and the greatest European war since the Thirty Years War of the 17th
AntAntarctica. Antarctica / Antarctica has no indigenous population and there is no evidence that it was seen by humans until the 19th century. However, belief in the existence of a Terra Australis—a vast continent in the far south
44. Somalis / In addition to Somali, what is an official language of somalia? / In addition to Somali, Arabic, which is also an Afro-Asiatic tongue, is an official national language in both Somalia
22. Eritrea / severe infection. Per capita expenditure on health is low in Eritrea. // what did the eritrean government ban in 2007?
Dutch!!!!!!!!!!!!!!!!!!!!!!!!!!!!!!!!!!!!!!!!!!!!!!!
JohnJohn,_King_of_England / John,_King_of_England / john focused on trying to retake what? John,_King_of_England / john focused on trying to retake what? John,_King
55. Exhibition_game / Where is charlotte motor speedway located? // where is charlotte motor speedway located? Various auto racing organizations hold exhibition events; these events usually award no championship points to participants, but they
11. Szlachta / Around the 14th century, there was little difference between knights and the szlachta in Poland. Members of the szlachta had the personal obligation to defend the country (pospolite
11. Zinc / include a plug of zinc attached to a propeller or the metal protective guard for the keel of the ship. // what is the name for a base with one or more contacts at the tip and one at
ElizabethII. Elizabeth_II. Elizabeth_II / Times of personal significance have included the births and marriages of her children, grandchildren and great grandchildren, her coronation in 1953, and the celebration of milestones such as her Silver, Golden and
NewNew_Haven,_Connecticut / Artspace Gallery Gallery Gallery Gallery Gallery Gallery Gallery Gallery Gallery Gallery Gallery on Orange Street is one of the city streets in the downtown area is one of several contemporary art galleries around the city, showcasing
33. Franco-Prussian_War / The Prussian General Staff developed by Moltke proved to be extremely effective, in contrast to the traditional French school. This was in large part due to the fact that the Prussian General
E. Elevator / Inspection service is designed to provide access to the hoistway and car top for inspection and maintenance purposes by qualified elevator mechanics. It is first activated by a key switch on the car operating panel usually labeled 'Inspection
Y. Yale_University / Yale University is an American private Ivy League research university in New Haven, Connecticut. Founded in 1701 in Saybrook Colony as the Collegiate School, the University is the third-oldest institution of higher
Nap. Napoleon / Napoleon was crowned Emperor Napoleon I on 2 December 1804 at Notre Dame de Paris by Pope Pius VII. On 1 April 1810, Napoleon married the Austrian princess Marie Louise. During his brother's rule in Spain,
1414 // what are three pests pesticides target? Pesticides can be classified by target organism (e.g., herbicides, insecticides, fungicides, rodenticides, and pediculicides - see table), chemical structure (
55. Melbourne / The Melbourne rail network has its origins in privately built lines from the 1850s gold rush era, and today the suburban network consists of 209 suburban stations on 16 lines which radiate from the City Loop, a partially underground
Mandala. Mandolin / the Mandolin has been played in Decimas, Danzas and Contradanzas Zulianas; in the chirigotas, choirs and comparsas are the most famous
33. Identity_(social_science) / At a general level, self-psychology is compelled to investigate the question of how the personal self relates to the social environment. However, some "sociological" social psychology theories go
33. Anti-aircraft_warfare / The introduction of the guided missile resulted in a significant shift in the US’s anti-aircraft strategy. Although Germany had been desperate to introduce anti-aircraft systems, none
G. Muammar_ Muammar_ Gaddafi / Muammar_ Gaddafi / Muammar_ Gaddafi / Following his defeat in the civil war, Gaddafi's system of governance was dismantled and replaced under the interim government of the N
55. Northwestern_University / Northwestern was elected to the Association of American Universities in 1917 and remains a research university with "very high" research activity. Northwestern's schools of management, engineering, and communication are among the most academically productive
U. Neptune / Neptune is similar in composition to Uranus. Neptune / Neptune is similar in composition to Uranus, and both have compositions that differ from those of the larger gas giants, Jupiter and Saturn. Like Jupiter and Saturn, Neptune
22. Capacitors. Capacitor / If a capacitor is driven with a time-varying voltage that changes rapidly enough, at some frequency the polarization of the dielectric cannot follow the voltage. A changing dielect
AlthoughAlthough while the changes are only procedural, technical change in customary international law can also amend a treaty, where state behavior evinces a new interpretation of the legal obligations under the treaty. Minor corrections to a treaty may be adopted by a proc
55. Mandolin / A mandolin (Italian: mandolino pronounced [mandoˈliːno]; literally "small mandola") is a musical instrument in the lute family and is usually plucked with a p
3. Nutrition / Carnivore and herbivore diets are contrasting, with basic nitrogen and carbon proportions vary for their particular foods. All animals' diets must provide sufficient amounts of the basic building blocks they need, up to the point where
Han. Han_dynasty / Ban Chao (d. c. 90–c. AD 102) enlisted the aid of the Kushan Empire, occupying the area of modern India, Pakistan, Afghanistan, and Tajikistan, to sub
44. Classical_music / What is the most widely known medium for classical music?5. Classical_music / The Classical era, from about 1750 to 1820, established many of the norms of composition, presentation, and style
################################################
11. Race_(human_categorization) / The population geneticist Sewall Wright developed one way of measuring genetic differences between populations known as the Fixation index, which is often abbreviated to FST. This statistic is often
Ar. Armenians / Armenians enjoy many different native and foreign foods. Fruits play a large part in the Armenian diet. Arguably the favorite food is khorovats an Armenian-styled barbecue. Other famous Armenian foods
44. New_NYC / The city's population in 2010 was 44% of the population in 2010 was 44% white (33. // as of 2010, what percentage made up white people in nyc? The city's
Roman. Roman_Republic / Caesar was now the primary figure of the Roman state, enforcing and entrenching his powers. His enemies feared that he had ambitions to become an autocratic ruler. Arguing that the Roman Republic was in danger
History. History_of_India / The Empire was established in 1336 by Harihara I and his brother Bukka Raya I of Sangama Dynasty. The empire rose to prominence as a culmination of attempts by the southern powers to ward
L. Apollinaire supported these early developments of abstract Cubism in Les Peint (1913), writing of a new dimension, dynamism of modern life, the occult, and Henri Bergson's concept of duration—had now
WarWar / Peace negotiations at the Congress of Paris resulted in the signing of the Treaty of Paris resulted in the Treaty of Paris on 30 March 1856. In compliance with article III, Russia restored to the Ottoman Empire the city and citadel
22. Affirmative_action_in_the_United_States / Affirmative_action_in_the_United_States / Affirmative_action_in_the_United_States / The racial preferences
88. Arena_Football / On September 30, 1987, Foster filed an application with the United States Patent and Trademark Office to patent his invented sport. The patent application covered the rules of the game, specifically detailing the goalposts and
Queen Victoria. Queen_Victoria. Queen_Victoria / Queen_Victoria / Victoria's youngest son, Leopold, was affected by the blood-clotting disease haemophilia B and two of her five daughters, Alice and
11. Insect / Traditional morphology-based or appearance-based systematics have usually given the Hexapoda the rank of superclass, and identified four groups within it: insects (Ectognatha), springtails (Collemb
Ar. Armenia / International observers of Council of Europe and US Department of State have questioned the fairness of Armenia's parliamentary and presidential elections and constitutional referendum since 1995, citing polling deficiencies, lack of cooperation by the Electoral Commission, and poor maintenance of
StSt. Anselm's approach was to define God as, "that than than which nothing greater can be conceived". Famed pantheist philosopher Baruch Spinoza would later carry this idea to its extreme: "By God
HistoryHistory of Rome [ edit ]Cicero [ edit ]Cicero [ edit ]Cicero [ edit ]Cicero consulted the gods on the execution of proposed official acts through an augur, who read the divine will
33. Athanasius_of_Alexandria / Athanasius_of_Alexandria / Athanasius_of_Alexandria / Athanasius_of_Alexandria / Two years later, the
44. British_Isles / British_Isles / The Greco-Egyptian scientist Claudius Ptolemy referred to the larger island as great Britain (μεγάλης Βρε
R. Molotov%E2%80%93Ribbentrop_Pact / Molotov%E2%80%93Ribbentrop_Pact / Molotov%E2%80%93
22. Architecture / The earliest surviving written work on the subject of architecture is De architectura, by the Roman architect Vitruvius in the early 1st century AD. According to Vitruvius, a good building should satisfy
720 720p. 720p. 720p is commonly used for Internet distribution of high-definition video, because most computer monitors operate in progressive-scan mode. 720p also imposes less strenuous storage and decoding requirements compared to both 1080i
11. Race_(human_categorization) / Cladistics is another method of classification. Whereas Carl Linnaeus established a taxonomy of living organisms based on anatomical similarities and differences, cladistics seeks to establish a taxonomy
22. Friedrich_Hayek / In 1932, Hayek suggested that private investment in the public markets was a better road to wealth and economic co-ordination in Britain than government spending programs, as argued in a letter he co-
22. Unicode / ideographs, rather than at half the width. For other examples, see Duplicate characters in Unicode. // what is more prefferable for subway lines?
ShShiraz, with a population of around 1.4 million (2011 census of around 1.4 million (2011 census), is the sixth major city of Iran. It is the capital of Fars Province, and was also a
USUS. // which us agency runs its drones in pakistan? // which us agency runs its drones in pakistan? / reported that the cultural divide between the USAF and US Army has kept both services from adopting each other's
HumanHumanism. Humanism. Humanism / his life). He hoped that he could do some good by winning earthly glory and praising virtue, inferior though that might be to a life devoted solely to prayer. By embracing a non-the